Yubico_python-fido2.dat,Unknown
Dashlane_SwiftDomainParser.dat,Unknown
niks255_FairEmail.dat,Unknown
SpaceExplorationTechnologies_starlink-wifi-gen2.dat,Unknown
BrowserWorks_Waterfox.dat,Unknown
goccy_go-zetasql.dat,Unknown
publicsuffix_list.dat,Unknown
IBM_data-privacy-toolkit.dat,Unknown
possib1e_OneDragon.dat,Unknown
redirect2me_resolvers.dat,Unknown
Y0-kan_YoScan.dat,Unknown
Bywalks_DarkAngel.dat,Unknown
codehag_compiler-compiler-dev.dat,Unknown
SpaceExplorationTechnologies_starlink-wifi.dat,Unknown
webprofusion_certify.dat,Unknown
Echocipher_AUTO-EARN.dat,Unknown
coolsnowwolf_gargoyle.dat,Unknown
mozilla_gecko-dev.dat,Unknown
gumob_TLDExtractSwift.dat,Unknown
HiGarfield_lede-17.01.4-Mod.dat,Unknown
square_okhttp.dat,Unknown
qwe1433223_FAST-GO.dat,Unknown
yodaos-project_yodaos.dat,Unknown
shmilylty_OneForAll.dat,Unknown
Stratus-Security_Subdominator.dat,Unknown
OpenIndiana_oi-userland.dat,Unknown
zhupingqi_RuiJi.Net.dat,Unknown
dfinity_ic.dat,Unknown
elliotwutingfeng_go-fasttld.dat,Unknown
komomon_Komo.dat,Unknown
M66B_FairEmail.dat,Unknown
ice-doom_EyeJo.dat,Unknown
nextcloud_mail.dat,Unknown
Funsiooo_chunsou.dat,Unknown
CTF-MissFeng_bayonet.dat,Unknown
0-error_Aoftest.dat,Unknown
StractOrg_stract.dat,Unknown
QROkes_webinoly.dat,Unknown
taomujian_linbing.dat,Unknown
vectordotdev_vrl.dat,Unknown
GroundCTL2MajorTom_fsmscan.dat,Unknown
goastian_midori-desktop.dat,Unknown
Floorp-Projects_Floorp.dat,Unknown
certtools_intelmq.dat,Unknown
poweradmin_poweradmin.dat,Unknown
CTF-MissFeng_Watchdog.dat,Unknown
