Match type,Repository,Repository external URL,File path,File URL,Path matches [path [start end]],Chunk matches [line [start end]]
path,github.com/Foulest/RepairKit,https://sourcegraph.com/github.com/Foulest/RepairKit,jre/lib/security/public_suffix_list.dat,https://sourcegraph.com/github.com/Foulest/RepairKit/-/blob/jre/lib/security/public_suffix_list.dat,"[jre/lib/security/public_suffix_list.dat, [[17, 39]]]",
path,github.com/sandialabs/scot,https://sourcegraph.com/github.com/sandialabs/scot,etc/public_suffix_list.dat,https://sourcegraph.com/github.com/sandialabs/scot/-/blob/etc/public_suffix_list.dat,"[etc/public_suffix_list.dat, [[4, 26]]]",
path,github.com/jeremykendall/php-domain-parser,https://sourcegraph.com/github.com/jeremykendall/php-domain-parser,test_data/public_suffix_list.dat,https://sourcegraph.com/github.com/jeremykendall/php-domain-parser/-/blob/test_data/public_suffix_list.dat,"[test_data/public_suffix_list.dat, [[10, 32]]]",
path,github.com/boostorg/url,https://sourcegraph.com/github.com/boostorg/url,example/suffix_list/public_suffix_list.dat,https://sourcegraph.com/github.com/boostorg/url/-/blob/example/suffix_list/public_suffix_list.dat,"[example/suffix_list/public_suffix_list.dat, [[20, 42]]]",
path,github.com/FTBTeam/FTB-App,https://sourcegraph.com/github.com/FTBTeam/FTB-App,overwolf/jdk-21.0.3+9-jre/lib/security/public_suffix_list.dat,https://sourcegraph.com/github.com/FTBTeam/FTB-App/-/blob/overwolf/jdk-21.0.3%2B9-jre/lib/security/public_suffix_list.dat,"[overwolf/jdk-21.0.3+9-jre/lib/security/public_suffix_list.dat, [[39, 61]]]",
path,github.com/Yubico/python-fido2,https://sourcegraph.com/github.com/Yubico/python-fido2,fido2/public_suffix_list.dat,https://sourcegraph.com/github.com/Yubico/python-fido2/-/blob/fido2/public_suffix_list.dat,"[fido2/public_suffix_list.dat, [[6, 28]]]",
path,github.com/rushmorem/publicsuffix,https://sourcegraph.com/github.com/rushmorem/publicsuffix,tests/public_suffix_list.dat,https://sourcegraph.com/github.com/rushmorem/publicsuffix/-/blob/tests/public_suffix_list.dat,"[tests/public_suffix_list.dat, [[6, 28]]]",
path,github.com/DNS-OARC/dsc,https://sourcegraph.com/github.com/DNS-OARC/dsc,src/test/public_suffix_list.dat,https://sourcegraph.com/github.com/DNS-OARC/dsc/-/blob/src/test/public_suffix_list.dat,"[src/test/public_suffix_list.dat, [[9, 31]]]",
path,github.com/richardpenman/whois,https://sourcegraph.com/github.com/richardpenman/whois,whois/data/public_suffix_list.dat,https://sourcegraph.com/github.com/richardpenman/whois/-/blob/whois/data/public_suffix_list.dat,"[whois/data/public_suffix_list.dat, [[11, 33]]]",
path,github.com/myscale/MyScaleDB,https://sourcegraph.com/github.com/myscale/MyScaleDB,tests/config/top_level_domains/public_suffix_list.dat,https://sourcegraph.com/github.com/myscale/MyScaleDB/-/blob/tests/config/top_level_domains/public_suffix_list.dat,"[tests/config/top_level_domains/public_suffix_list.dat, [[31, 53]]]",
path,github.com/GoogleChrome/related-website-sets,https://sourcegraph.com/github.com/GoogleChrome/related-website-sets,third_party/publicsuffix2/public_suffix_list.dat,https://sourcegraph.com/github.com/GoogleChrome/related-website-sets/-/blob/third_party/publicsuffix2/public_suffix_list.dat,"[third_party/publicsuffix2/public_suffix_list.dat, [[26, 48]]]",
path,github.com/djblets/djblets,https://sourcegraph.com/github.com/djblets/djblets,djblets/mail/public_suffix_list.dat,https://sourcegraph.com/github.com/djblets/djblets/-/blob/djblets/mail/public_suffix_list.dat,"[djblets/mail/public_suffix_list.dat, [[13, 35]]]",
path,github.com/niks255/FairEmail,https://sourcegraph.com/github.com/niks255/FairEmail,app/src/main/assets/public_suffix_list.dat,https://sourcegraph.com/github.com/niks255/FairEmail/-/blob/app/src/main/assets/public_suffix_list.dat,"[app/src/main/assets/public_suffix_list.dat, [[20, 42]]]",
path,github.com/6DDUU6/ESurfingDialer-onekey,https://sourcegraph.com/github.com/6DDUU6/ESurfingDialer-onekey,jre/lib/security/public_suffix_list.dat,https://sourcegraph.com/github.com/6DDUU6/ESurfingDialer-onekey/-/blob/jre/lib/security/public_suffix_list.dat,"[jre/lib/security/public_suffix_list.dat, [[17, 39]]]",
path,github.com/elliotwutingfeng/go-fasttld,https://sourcegraph.com/github.com/elliotwutingfeng/go-fasttld,test/public_suffix_list.dat,https://sourcegraph.com/github.com/elliotwutingfeng/go-fasttld/-/blob/test/public_suffix_list.dat,"[test/public_suffix_list.dat, [[5, 27]]]",
path,github.com/1Password/passkey-rs,https://sourcegraph.com/github.com/1Password/passkey-rs,public-suffix/public_suffix_list.dat,https://sourcegraph.com/github.com/1Password/passkey-rs/-/blob/public-suffix/public_suffix_list.dat,"[public-suffix/public_suffix_list.dat, [[14, 36]]]",
path,github.com/shmilylty/OneForAll,https://sourcegraph.com/github.com/shmilylty/OneForAll,data/public_suffix_list.dat,https://sourcegraph.com/github.com/shmilylty/OneForAll/-/blob/data/public_suffix_list.dat,"[data/public_suffix_list.dat, [[5, 27]]]",
path,github.com/fit-project/fit,https://sourcegraph.com/github.com/fit-project/fit,pyinstaller/windows/whois/data/public_suffix_list.dat,https://sourcegraph.com/github.com/fit-project/fit/-/blob/pyinstaller/windows/whois/data/public_suffix_list.dat,"[pyinstaller/windows/whois/data/public_suffix_list.dat, [[31, 53]]]",
path,github.com/superdesk/web-publisher,https://sourcegraph.com/github.com/superdesk/web-publisher,src/SWP/Component/MultiTenancy/public_suffix_list.dat,https://sourcegraph.com/github.com/superdesk/web-publisher/-/blob/src/SWP/Component/MultiTenancy/public_suffix_list.dat,"[src/SWP/Component/MultiTenancy/public_suffix_list.dat, [[31, 53]]]",
path,github.com/Blueforcer/awtrix3,https://sourcegraph.com/github.com/Blueforcer/awtrix3,AWL_Backup/build/lib/security/public_suffix_list.dat,https://sourcegraph.com/github.com/Blueforcer/awtrix3/-/blob/AWL_Backup/build/lib/security/public_suffix_list.dat,"[AWL_Backup/build/lib/security/public_suffix_list.dat, [[30, 52]]]",
path,github.com/shy-neon/Favman,https://sourcegraph.com/github.com/shy-neon/Favman,Favman/Favtool/Views/Favtool 4.0.1/Favtool.app/Contents/Resources/PublicSuffix_PublicSuffix.bundle/Contents/Resources/public_suffix_list.dat,https://sourcegraph.com/github.com/shy-neon/Favman/-/blob/Favman/Favtool/Views/Favtool%204.0.1/Favtool.app/Contents/Resources/PublicSuffix_PublicSuffix.bundle/Contents/Resources/public_suffix_list.dat,"[Favman/Favtool/Views/Favtool 4.0.1/Favtool.app/Contents/Resources/PublicSuffix_PublicSuffix.bundle/Contents/Resources/public_suffix_list.dat, [[118, 140]]]",
path,github.com/shy-neon/Favman,https://sourcegraph.com/github.com/shy-neon/Favman,Favman/Favtool/Views/Favtool 4.0.1/Favtool 2.app/Contents/Resources/PublicSuffix_PublicSuffix.bundle/Contents/Resources/public_suffix_list.dat,https://sourcegraph.com/github.com/shy-neon/Favman/-/blob/Favman/Favtool/Views/Favtool%204.0.1/Favtool%202.app/Contents/Resources/PublicSuffix_PublicSuffix.bundle/Contents/Resources/public_suffix_list.dat,"[Favman/Favtool/Views/Favtool 4.0.1/Favtool 2.app/Contents/Resources/PublicSuffix_PublicSuffix.bundle/Contents/Resources/public_suffix_list.dat, [[120, 142]]]",
path,github.com/bancika/diy-layout-creator,https://sourcegraph.com/github.com/bancika/diy-layout-creator,diylc/diylc-swing/tools/jre/osx/jre8u321/Contents/Home/lib/security/public_suffix_list.dat,https://sourcegraph.com/github.com/bancika/diy-layout-creator/-/blob/diylc/diylc-swing/tools/jre/osx/jre8u321/Contents/Home/lib/security/public_suffix_list.dat,"[diylc/diylc-swing/tools/jre/osx/jre8u321/Contents/Home/lib/security/public_suffix_list.dat, [[68, 90]]]",
path,github.com/bancika/diy-layout-creator,https://sourcegraph.com/github.com/bancika/diy-layout-creator,diylc/diylc-swing/tools/jre/osx/zulu-17.jre/Contents/Home/lib/security/public_suffix_list.dat,https://sourcegraph.com/github.com/bancika/diy-layout-creator/-/blob/diylc/diylc-swing/tools/jre/osx/zulu-17.jre/Contents/Home/lib/security/public_suffix_list.dat,"[diylc/diylc-swing/tools/jre/osx/zulu-17.jre/Contents/Home/lib/security/public_suffix_list.dat, [[71, 93]]]",
path,github.com/Stratus-Security/Subdominator,https://sourcegraph.com/github.com/Stratus-Security/Subdominator,Subdominator/public_suffix_list.dat,https://sourcegraph.com/github.com/Stratus-Security/Subdominator/-/blob/Subdominator/public_suffix_list.dat,"[Subdominator/public_suffix_list.dat, [[13, 35]]]",
path,github.com/Steve987321/toadclient,https://sourcegraph.com/github.com/Steve987321/toadclient,vendor/JDK/lib/security/public_suffix_list.dat,https://sourcegraph.com/github.com/Steve987321/toadclient/-/blob/vendor/JDK/lib/security/public_suffix_list.dat,"[vendor/JDK/lib/security/public_suffix_list.dat, [[24, 46]]]",
path,github.com/orb-community/pktvisor,https://sourcegraph.com/github.com/orb-community/pktvisor,libs/visor_dns/tests/public_suffix_list.dat,https://sourcegraph.com/github.com/orb-community/pktvisor/-/blob/libs/visor_dns/tests/public_suffix_list.dat,"[libs/visor_dns/tests/public_suffix_list.dat, [[21, 43]]]",
path,git.savannah.gnu.org/git/dragora,https://sourcegraph.com/git.savannah.gnu.org/git/dragora,archive/libpsl/public_suffix_list.dat,https://sourcegraph.com/git.savannah.gnu.org/git/dragora/-/blob/archive/libpsl/public_suffix_list.dat,"[archive/libpsl/public_suffix_list.dat, [[15, 37]]]",
path,github.com/gumob/TLDExtractSwift,https://sourcegraph.com/github.com/gumob/TLDExtractSwift,Resources/public_suffix_list.dat,https://sourcegraph.com/github.com/gumob/TLDExtractSwift/-/blob/Resources/public_suffix_list.dat,"[Resources/public_suffix_list.dat, [[10, 32]]]",
path,github.com/starmcc/qs-beanfun,https://sourcegraph.com/github.com/starmcc/qs-beanfun,build/jre/lib/security/public_suffix_list.dat,https://sourcegraph.com/github.com/starmcc/qs-beanfun/-/blob/build/jre/lib/security/public_suffix_list.dat,"[build/jre/lib/security/public_suffix_list.dat, [[23, 45]]]",
path,github.com/DC801/BM-Badge,https://sourcegraph.com/github.com/DC801/BM-Badge,Software/Programmer/Release/DC801 Badge Programmer/runtime/lib/security/public_suffix_list.dat,https://sourcegraph.com/github.com/DC801/BM-Badge/-/blob/Software/Programmer/Release/DC801%20Badge%20Programmer/runtime/lib/security/public_suffix_list.dat,"[Software/Programmer/Release/DC801 Badge Programmer/runtime/lib/security/public_suffix_list.dat, [[72, 94]]]",
path,github.com/Intsights/PyDomainExtractor,https://sourcegraph.com/github.com/Intsights/PyDomainExtractor,src/public_suffix_list.dat,https://sourcegraph.com/github.com/Intsights/PyDomainExtractor/-/blob/src/public_suffix_list.dat,"[src/public_suffix_list.dat, [[4, 26]]]",
path,github.com/ko-zu/psl,https://sourcegraph.com/github.com/ko-zu/psl,publicsuffixlist/public_suffix_list.dat,https://sourcegraph.com/github.com/ko-zu/psl/-/blob/publicsuffixlist/public_suffix_list.dat,"[publicsuffixlist/public_suffix_list.dat, [[17, 39]]]",
path,src.fedoraproject.org/rpms/publicsuffix-list,https://sourcegraph.com/src.fedoraproject.org/rpms/publicsuffix-list,public_suffix_list.dat,https://sourcegraph.com/src.fedoraproject.org/rpms/publicsuffix-list/-/blob/public_suffix_list.dat,"[public_suffix_list.dat, [[0, 22]]]",
path,github.com/Funsiooo/chunsou,https://sourcegraph.com/github.com/Funsiooo/chunsou,modules/plugins/OneForAll/data/public_suffix_list.dat,https://sourcegraph.com/github.com/Funsiooo/chunsou/-/blob/modules/plugins/OneForAll/data/public_suffix_list.dat,"[modules/plugins/OneForAll/data/public_suffix_list.dat, [[31, 53]]]",
path,github.com/anthunt/AWS2Terraform,https://sourcegraph.com/github.com/anthunt/AWS2Terraform,terraform-generator-shell/jdk-11.0.9+11-jre/lib/security/public_suffix_list.dat,https://sourcegraph.com/github.com/anthunt/AWS2Terraform/-/blob/terraform-generator-shell/jdk-11.0.9%2B11-jre/lib/security/public_suffix_list.dat,"[terraform-generator-shell/jdk-11.0.9+11-jre/lib/security/public_suffix_list.dat, [[57, 79]]]",
path,github.com/taomujian/linbing,https://sourcegraph.com/github.com/taomujian/linbing,python/app/thirdparty/oneforall/data/public_suffix_list.dat,https://sourcegraph.com/github.com/taomujian/linbing/-/blob/python/app/thirdparty/oneforall/data/public_suffix_list.dat,"[python/app/thirdparty/oneforall/data/public_suffix_list.dat, [[37, 59]]]",
path,github.com/IBM/data-privacy-toolkit,https://sourcegraph.com/github.com/IBM/data-privacy-toolkit,library/src/main/resources/identifier/common/public_suffix_list.dat,https://sourcegraph.com/github.com/IBM/data-privacy-toolkit/-/blob/library/src/main/resources/identifier/common/public_suffix_list.dat,"[library/src/main/resources/identifier/common/public_suffix_list.dat, [[45, 67]]]",
path,github.com/zhupingqi/RuiJi.Net,https://sourcegraph.com/github.com/zhupingqi/RuiJi.Net,RuiJi.Net.Core/public_suffix_list.dat,https://sourcegraph.com/github.com/zhupingqi/RuiJi.Net/-/blob/RuiJi.Net.Core/public_suffix_list.dat,"[RuiJi.Net.Core/public_suffix_list.dat, [[15, 37]]]",
path,github.com/gorhill/publicsuffixlist.js,https://sourcegraph.com/github.com/gorhill/publicsuffixlist.js,docs/public_suffix_list.dat,https://sourcegraph.com/github.com/gorhill/publicsuffixlist.js/-/blob/docs/public_suffix_list.dat,"[docs/public_suffix_list.dat, [[5, 27]]]",
path,github.com/win-acme/win-acme,https://sourcegraph.com/github.com/win-acme/win-acme,src/main.test/public_suffix_list.dat,https://sourcegraph.com/github.com/win-acme/win-acme/-/blob/src/main.test/public_suffix_list.dat,"[src/main.test/public_suffix_list.dat, [[14, 36]]]",
path,github.com/win-acme/win-acme,https://sourcegraph.com/github.com/win-acme/win-acme,dist/public_suffix_list.dat,https://sourcegraph.com/github.com/win-acme/win-acme/-/blob/dist/public_suffix_list.dat,"[dist/public_suffix_list.dat, [[5, 27]]]",
path,github.com/Strimoid/Strimoid,https://sourcegraph.com/github.com/Strimoid/Strimoid,resources/public_suffix_list.dat,https://sourcegraph.com/github.com/Strimoid/Strimoid/-/blob/resources/public_suffix_list.dat,"[resources/public_suffix_list.dat, [[10, 32]]]",
path,github.com/LennysLounge/ACC-Race-Control,https://sourcegraph.com/github.com/LennysLounge/ACC-Race-Control,base/src/dist/jre/lib/security/public_suffix_list.dat,https://sourcegraph.com/github.com/LennysLounge/ACC-Race-Control/-/blob/base/src/dist/jre/lib/security/public_suffix_list.dat,"[base/src/dist/jre/lib/security/public_suffix_list.dat, [[31, 53]]]",
path,github.com/AdguardTeam/AdguardForiOS,https://sourcegraph.com/github.com/AdguardTeam/AdguardForiOS,Libs/DomainParser/Resources/public_suffix_list.dat,https://sourcegraph.com/github.com/AdguardTeam/AdguardForiOS/-/blob/Libs/DomainParser/Resources/public_suffix_list.dat,"[Libs/DomainParser/Resources/public_suffix_list.dat, [[28, 50]]]",
path,github.com/AdguardTeam/AdguardForiOS,https://sourcegraph.com/github.com/AdguardTeam/AdguardForiOS,AdGuardSDK/AdGuardSDK/DNS/Statistics/CompaniesStatistics/DomainParser/Resources/public_suffix_list.dat,https://sourcegraph.com/github.com/AdguardTeam/AdguardForiOS/-/blob/AdGuardSDK/AdGuardSDK/DNS/Statistics/CompaniesStatistics/DomainParser/Resources/public_suffix_list.dat,"[AdGuardSDK/AdGuardSDK/DNS/Statistics/CompaniesStatistics/DomainParser/Resources/public_suffix_list.dat, [[80, 102]]]",
path,github.com/Y0-kan/YoScan,https://sourcegraph.com/github.com/Y0-kan/YoScan,module/tools/OneForAll/data/public_suffix_list.dat,https://sourcegraph.com/github.com/Y0-kan/YoScan/-/blob/module/tools/OneForAll/data/public_suffix_list.dat,"[module/tools/OneForAll/data/public_suffix_list.dat, [[28, 50]]]",
path,github.com/HMCL-dev/HMCL-PE-CN,https://sourcegraph.com/github.com/HMCL-dev/HMCL-PE-CN,HMCLPE/src/main/assets/app_runtime/java/JRE17/lib/security/public_suffix_list.dat,https://sourcegraph.com/github.com/HMCL-dev/HMCL-PE-CN/-/blob/HMCLPE/src/main/assets/app_runtime/java/JRE17/lib/security/public_suffix_list.dat,"[HMCLPE/src/main/assets/app_runtime/java/JRE17/lib/security/public_suffix_list.dat, [[59, 81]]]",
path,github.com/sgidevnet/sgug-rse,https://sourcegraph.com/github.com/sgidevnet/sgug-rse,packages/publicsuffix-list/public_suffix_list.dat,https://sourcegraph.com/github.com/sgidevnet/sgug-rse/-/blob/packages/publicsuffix-list/public_suffix_list.dat,"[packages/publicsuffix-list/public_suffix_list.dat, [[27, 49]]]",
path,github.com/coderman64/netsurf-3ds,https://sourcegraph.com/github.com/coderman64/netsurf-3ds,libnspsl/public_suffix_list.dat,https://sourcegraph.com/github.com/coderman64/netsurf-3ds/-/blob/libnspsl/public_suffix_list.dat,"[libnspsl/public_suffix_list.dat, [[9, 31]]]",
path,github.com/HMCL-dev/HMCL-PE,https://sourcegraph.com/github.com/HMCL-dev/HMCL-PE,HMCLPE/src/main/assets/app_runtime/java/JRE17/lib/security/public_suffix_list.dat,https://sourcegraph.com/github.com/HMCL-dev/HMCL-PE/-/blob/HMCLPE/src/main/assets/app_runtime/java/JRE17/lib/security/public_suffix_list.dat,"[HMCLPE/src/main/assets/app_runtime/java/JRE17/lib/security/public_suffix_list.dat, [[59, 81]]]",
path,github.com/Dashlane/SwiftDomainParser,https://sourcegraph.com/github.com/Dashlane/SwiftDomainParser,DomainParser/DomainParser/Resources/public_suffix_list.dat,https://sourcegraph.com/github.com/Dashlane/SwiftDomainParser/-/blob/DomainParser/DomainParser/Resources/public_suffix_list.dat,"[DomainParser/DomainParser/Resources/public_suffix_list.dat, [[36, 58]]]",
path,github.com/rhwong/qsign-onekey,https://sourcegraph.com/github.com/rhwong/qsign-onekey,jre/lib/security/public_suffix_list.dat,https://sourcegraph.com/github.com/rhwong/qsign-onekey/-/blob/jre/lib/security/public_suffix_list.dat,"[jre/lib/security/public_suffix_list.dat, [[17, 39]]]",
path,github.com/Zensavona/domainatrex,https://sourcegraph.com/github.com/Zensavona/domainatrex,lib/public_suffix_list.dat,https://sourcegraph.com/github.com/Zensavona/domainatrex/-/blob/lib/public_suffix_list.dat,"[lib/public_suffix_list.dat, [[4, 26]]]",
path,github.com/komomon/Komo,https://sourcegraph.com/github.com/komomon/Komo,core/tools/domain/OneForAll/data/public_suffix_list.dat,https://sourcegraph.com/github.com/komomon/Komo/-/blob/core/tools/domain/OneForAll/data/public_suffix_list.dat,"[core/tools/domain/OneForAll/data/public_suffix_list.dat, [[33, 55]]]",
path,github.com/kracer127/SiteScan,https://sourcegraph.com/github.com/kracer127/SiteScan,lib/whois/data/public_suffix_list.dat,https://sourcegraph.com/github.com/kracer127/SiteScan/-/blob/lib/whois/data/public_suffix_list.dat,"[lib/whois/data/public_suffix_list.dat, [[15, 37]]]",
path,github.com/qwe1433223/FAST-GO,https://sourcegraph.com/github.com/qwe1433223/FAST-GO,01-子域名OneForAll/data/public_suffix_list.dat,https://sourcegraph.com/github.com/qwe1433223/FAST-GO/-/blob/01-%E5%AD%90%E5%9F%9F%E5%90%8DOneForAll/data/public_suffix_list.dat,"[01-子域名OneForAll/data/public_suffix_list.dat, [[21, 43]]]",
path,github.com/j3ssie/go-auxs,https://sourcegraph.com/github.com/j3ssie/go-auxs,ftld/public_suffix_list.dat,https://sourcegraph.com/github.com/j3ssie/go-auxs/-/blob/ftld/public_suffix_list.dat,"[ftld/public_suffix_list.dat, [[5, 27]]]",
path,github.com/Bywalks/DarkAngel,https://sourcegraph.com/github.com/Bywalks/DarkAngel,subdomain/oneforall/data/public_suffix_list.dat,https://sourcegraph.com/github.com/Bywalks/DarkAngel/-/blob/subdomain/oneforall/data/public_suffix_list.dat,"[subdomain/oneforall/data/public_suffix_list.dat, [[25, 47]]]",
path,github.com/Cimbali/CleanLinks,https://sourcegraph.com/github.com/Cimbali/CleanLinks,addon/data/public_suffix_list.dat,https://sourcegraph.com/github.com/Cimbali/CleanLinks/-/blob/addon/data/public_suffix_list.dat,"[addon/data/public_suffix_list.dat, [[11, 33]]]",
path,github.com/HadessCS/Artemis,https://sourcegraph.com/github.com/HadessCS/Artemis,artemis/lib/python3.10/site-packages/whois/data/public_suffix_list.dat,https://sourcegraph.com/github.com/HadessCS/Artemis/-/blob/artemis/lib/python3.10/site-packages/whois/data/public_suffix_list.dat,"[artemis/lib/python3.10/site-packages/whois/data/public_suffix_list.dat, [[48, 70]]]",
path,github.com/farlleyferreira/ms-fastapi-template,https://sourcegraph.com/github.com/farlleyferreira/ms-fastapi-template,ops/sonar-scanner-4.6.0.2311-windows/jre/lib/security/public_suffix_list.dat,https://sourcegraph.com/github.com/farlleyferreira/ms-fastapi-template/-/blob/ops/sonar-scanner-4.6.0.2311-windows/jre/lib/security/public_suffix_list.dat,"[ops/sonar-scanner-4.6.0.2311-windows/jre/lib/security/public_suffix_list.dat, [[54, 76]]]",
path,github.com/harshita214/Chrome-Extension,https://sourcegraph.com/github.com/harshita214/Chrome-Extension,imageFixing/datas/public_suffix_list.dat,https://sourcegraph.com/github.com/harshita214/Chrome-Extension/-/blob/imageFixing/datas/public_suffix_list.dat,"[imageFixing/datas/public_suffix_list.dat, [[18, 40]]]",
path,github.com/BenWiederhake/domain-word,https://sourcegraph.com/github.com/BenWiederhake/domain-word,src/public_suffix_list.dat,https://sourcegraph.com/github.com/BenWiederhake/domain-word/-/blob/src/public_suffix_list.dat,"[src/public_suffix_list.dat, [[4, 26]]]",
path,github.com/PacktPublishing/Design-Patterns-and-Best-Practices-in-Java,https://sourcegraph.com/github.com/PacktPublishing/Design-Patterns-and-Best-Practices-in-Java,Chapter09/Chapter 9 code/Java9Example/calculaterjre/lib/security/public_suffix_list.dat,https://sourcegraph.com/github.com/PacktPublishing/Design-Patterns-and-Best-Practices-in-Java/-/blob/Chapter09/Chapter%209%20code/Java9Example/calculaterjre/lib/security/public_suffix_list.dat,"[Chapter09/Chapter 9 code/Java9Example/calculaterjre/lib/security/public_suffix_list.dat, [[65, 87]]]",
path,github.com/jameszaghini/floaty,https://sourcegraph.com/github.com/jameszaghini/floaty,vendor/SwiftDomainParser-8979d6c  /Resources/public_suffix_list.dat,https://sourcegraph.com/github.com/jameszaghini/floaty/-/blob/vendor/SwiftDomainParser-8979d6c%20%20/Resources/public_suffix_list.dat,"[vendor/SwiftDomainParser-8979d6c  /Resources/public_suffix_list.dat, [[45, 67]]]",
path,github.com/addr-rs/addr,https://sourcegraph.com/github.com/addr-rs/addr,tests/public_suffix_list.dat,https://sourcegraph.com/github.com/addr-rs/addr/-/blob/tests/public_suffix_list.dat,"[tests/public_suffix_list.dat, [[6, 28]]]",
path,github.com/kitezzzGrim/CTF-Note,https://sourcegraph.com/github.com/kitezzzGrim/CTF-Note,tools/reverse/APP/jadx-gui-1.3.1-with-jre-win/jre/lib/security/public_suffix_list.dat,https://sourcegraph.com/github.com/kitezzzGrim/CTF-Note/-/blob/tools/reverse/APP/jadx-gui-1.3.1-with-jre-win/jre/lib/security/public_suffix_list.dat,"[tools/reverse/APP/jadx-gui-1.3.1-with-jre-win/jre/lib/security/public_suffix_list.dat, [[63, 85]]]",
path,github.com/coreruleset/ftw,https://sourcegraph.com/github.com/coreruleset/ftw,ftw/util/public_suffix_list.dat,https://sourcegraph.com/github.com/coreruleset/ftw/-/blob/ftw/util/public_suffix_list.dat,"[ftw/util/public_suffix_list.dat, [[9, 31]]]",
path,github.com/Furniel/Apk-Changer,https://sourcegraph.com/github.com/Furniel/Apk-Changer,other/jre/lib/security/public_suffix_list.dat,https://sourcegraph.com/github.com/Furniel/Apk-Changer/-/blob/other/jre/lib/security/public_suffix_list.dat,"[other/jre/lib/security/public_suffix_list.dat, [[23, 45]]]",
path,github.com/Furniel/Apk-Changer,https://sourcegraph.com/github.com/Furniel/Apk-Changer,other/x64/jre/lib/security/public_suffix_list.dat,https://sourcegraph.com/github.com/Furniel/Apk-Changer/-/blob/other/x64/jre/lib/security/public_suffix_list.dat,"[other/x64/jre/lib/security/public_suffix_list.dat, [[27, 49]]]",
path,github.com/FOSStriangulator/FOSStriangulator,https://sourcegraph.com/github.com/FOSStriangulator/FOSStriangulator,release-generator/msix/x64/jre/lib/security/public_suffix_list.dat,https://sourcegraph.com/github.com/FOSStriangulator/FOSStriangulator/-/blob/release-generator/msix/x64/jre/lib/security/public_suffix_list.dat,"[release-generator/msix/x64/jre/lib/security/public_suffix_list.dat, [[44, 66]]]",
path,github.com/FOSStriangulator/FOSStriangulator,https://sourcegraph.com/github.com/FOSStriangulator/FOSStriangulator,release-generator/msix/x86/jre/lib/security/public_suffix_list.dat,https://sourcegraph.com/github.com/FOSStriangulator/FOSStriangulator/-/blob/release-generator/msix/x86/jre/lib/security/public_suffix_list.dat,"[release-generator/msix/x86/jre/lib/security/public_suffix_list.dat, [[44, 66]]]",
path,github.com/melbadry9/WhoEnum,https://sourcegraph.com/github.com/melbadry9/WhoEnum,whoisenum/whois/data/public_suffix_list.dat,https://sourcegraph.com/github.com/melbadry9/WhoEnum/-/blob/whoisenum/whois/data/public_suffix_list.dat,"[whoisenum/whois/data/public_suffix_list.dat, [[21, 43]]]",
path,github.com/LeFroid/Viper-Browser,https://sourcegraph.com/github.com/LeFroid/Viper-Browser,src/app/assets/public_suffix_list.dat,https://sourcegraph.com/github.com/LeFroid/Viper-Browser/-/blob/src/app/assets/public_suffix_list.dat,"[src/app/assets/public_suffix_list.dat, [[15, 37]]]",
path,github.com/datablade-io/daisy,https://sourcegraph.com/github.com/datablade-io/daisy,tests/config/top_level_domains/public_suffix_list.dat,https://sourcegraph.com/github.com/datablade-io/daisy/-/blob/tests/config/top_level_domains/public_suffix_list.dat,"[tests/config/top_level_domains/public_suffix_list.dat, [[31, 53]]]",
path,github.com/ice-doom/EyeJo,https://sourcegraph.com/github.com/ice-doom/EyeJo,eyejo/plugin/OneForAll/data/public_suffix_list.dat,https://sourcegraph.com/github.com/ice-doom/EyeJo/-/blob/eyejo/plugin/OneForAll/data/public_suffix_list.dat,"[eyejo/plugin/OneForAll/data/public_suffix_list.dat, [[28, 50]]]",
path,github.com/sum1re/caption_ocr_tool,https://sourcegraph.com/github.com/sum1re/caption_ocr_tool,cocr_setup_win/runtime/lib/security/public_suffix_list.dat,https://sourcegraph.com/github.com/sum1re/caption_ocr_tool/-/blob/cocr_setup_win/runtime/lib/security/public_suffix_list.dat,"[cocr_setup_win/runtime/lib/security/public_suffix_list.dat, [[36, 58]]]",
path,github.com/PowerScript/KatanaFramework,https://sourcegraph.com/github.com/PowerScript/KatanaFramework,lib/whois/data/public_suffix_list.dat,https://sourcegraph.com/github.com/PowerScript/KatanaFramework/-/blob/lib/whois/data/public_suffix_list.dat,"[lib/whois/data/public_suffix_list.dat, [[15, 37]]]",
path,github.com/makker-nl/ou25th-java11-labs,https://sourcegraph.com/github.com/makker-nl/ou25th-java11-labs,labs/practice15B-solution/modules/ProductManagement/dist/jlink/ProductManagement/lib/security/public_suffix_list.dat,https://sourcegraph.com/github.com/makker-nl/ou25th-java11-labs/-/blob/labs/practice15B-solution/modules/ProductManagement/dist/jlink/ProductManagement/lib/security/public_suffix_list.dat,"[labs/practice15B-solution/modules/ProductManagement/dist/jlink/ProductManagement/lib/security/public_suffix_list.dat, [[94, 116]]]",
path,github.com/possib1e/OneDragon,https://sourcegraph.com/github.com/possib1e/OneDragon,OneForAll/data/public_suffix_list.dat,https://sourcegraph.com/github.com/possib1e/OneDragon/-/blob/OneForAll/data/public_suffix_list.dat,"[OneForAll/data/public_suffix_list.dat, [[15, 37]]]",
path,github.com/yasserg/crawler4j,https://sourcegraph.com/github.com/yasserg/crawler4j,crawler4j/src/test/resources/public_suffix_list.dat,https://sourcegraph.com/github.com/yasserg/crawler4j/-/blob/crawler4j/src/test/resources/public_suffix_list.dat,"[crawler4j/src/test/resources/public_suffix_list.dat, [[29, 51]]]",
path,github.com/du5/gfwlist,https://sourcegraph.com/github.com/du5/gfwlist,Custom/public_suffix_list.dat,https://sourcegraph.com/github.com/du5/gfwlist/-/blob/Custom/public_suffix_list.dat,"[Custom/public_suffix_list.dat, [[7, 29]]]",
path,github.com/CTF-MissFeng/Watchdog,https://sourcegraph.com/github.com/CTF-MissFeng/Watchdog,client/subdomain/oneforall/data/public_suffix_list.dat,https://sourcegraph.com/github.com/CTF-MissFeng/Watchdog/-/blob/client/subdomain/oneforall/data/public_suffix_list.dat,"[client/subdomain/oneforall/data/public_suffix_list.dat, [[32, 54]]]",
path,github.com/Echocipher/AUTO-EARN,https://sourcegraph.com/github.com/Echocipher/AUTO-EARN,tools/OneForAll/data/public_suffix_list.dat,https://sourcegraph.com/github.com/Echocipher/AUTO-EARN/-/blob/tools/OneForAll/data/public_suffix_list.dat,"[tools/OneForAll/data/public_suffix_list.dat, [[21, 43]]]",
path,github.com/CTF-MissFeng/bayonet,https://sourcegraph.com/github.com/CTF-MissFeng/bayonet,tools/oneforall/data/public_suffix_list.dat,https://sourcegraph.com/github.com/CTF-MissFeng/bayonet/-/blob/tools/oneforall/data/public_suffix_list.dat,"[tools/oneforall/data/public_suffix_list.dat, [[21, 43]]]",
path,github.com/0-error/Aoftest,https://sourcegraph.com/github.com/0-error/Aoftest,oneforall/data/public_suffix_list.dat,https://sourcegraph.com/github.com/0-error/Aoftest/-/blob/oneforall/data/public_suffix_list.dat,"[oneforall/data/public_suffix_list.dat, [[15, 37]]]",
path,github.com/aboutcode-org/python-publicsuffix2,https://sourcegraph.com/github.com/aboutcode-org/python-publicsuffix2,src/publicsuffix2/public_suffix_list.dat,https://sourcegraph.com/github.com/aboutcode-org/python-publicsuffix2/-/blob/src/publicsuffix2/public_suffix_list.dat,"[src/publicsuffix2/public_suffix_list.dat, [[18, 40]]]",
path,github.com/seomoz/publicsuffix-elixir,https://sourcegraph.com/github.com/seomoz/publicsuffix-elixir,data/public_suffix_list.dat,https://sourcegraph.com/github.com/seomoz/publicsuffix-elixir/-/blob/data/public_suffix_list.dat,"[data/public_suffix_list.dat, [[5, 27]]]",
path,github.com/coolsnowwolf/gargoyle,https://sourcegraph.com/github.com/coolsnowwolf/gargoyle,package/net/ddns-scripts/files/public_suffix_list.dat,https://sourcegraph.com/github.com/coolsnowwolf/gargoyle/-/blob/package/net/ddns-scripts/files/public_suffix_list.dat,"[package/net/ddns-scripts/files/public_suffix_list.dat, [[31, 53]]]",
path,github.com/Twi1ight/TSpider,https://sourcegraph.com/github.com/Twi1ight/TSpider,core/utils/public_suffix_list.dat,https://sourcegraph.com/github.com/Twi1ight/TSpider/-/blob/core/utils/public_suffix_list.dat,"[core/utils/public_suffix_list.dat, [[11, 33]]]",
path,github.com/aws/aws-cdk,https://sourcegraph.com/github.com/aws/aws-cdk,packages/aws-cdk-lib/aws-certificatemanager/suffixes/public_suffix_list.dat,https://sourcegraph.com/github.com/aws/aws-cdk/-/blob/packages/aws-cdk-lib/aws-certificatemanager/suffixes/public_suffix_list.dat,"[packages/aws-cdk-lib/aws-certificatemanager/suffixes/public_suffix_list.dat, [[53, 75]]]",
path,github.com/webprofusion/certify,https://sourcegraph.com/github.com/webprofusion/certify,src/Certify.Shared/Assets/public_suffix_list.dat,https://sourcegraph.com/github.com/webprofusion/certify/-/blob/src/Certify.Shared/Assets/public_suffix_list.dat,"[src/Certify.Shared/Assets/public_suffix_list.dat, [[26, 48]]]",
path,github.com/ByConity/ByConity,https://sourcegraph.com/github.com/ByConity/ByConity,tests/config/top_level_domains/public_suffix_list.dat,https://sourcegraph.com/github.com/ByConity/ByConity/-/blob/tests/config/top_level_domains/public_suffix_list.dat,"[tests/config/top_level_domains/public_suffix_list.dat, [[31, 53]]]",
path,github.com/ntop/nDPI,https://sourcegraph.com/github.com/ntop/nDPI,lists/public_suffix_list.dat,https://sourcegraph.com/github.com/ntop/nDPI/-/blob/lists/public_suffix_list.dat,"[lists/public_suffix_list.dat, [[6, 28]]]",
path,github.com/ClickHouse/ClickHouse,https://sourcegraph.com/github.com/ClickHouse/ClickHouse,tests/config/top_level_domains/public_suffix_list.dat,https://sourcegraph.com/github.com/ClickHouse/ClickHouse/-/blob/tests/config/top_level_domains/public_suffix_list.dat,"[tests/config/top_level_domains/public_suffix_list.dat, [[31, 53]]]",
path,github.com/vectordotdev/vector,https://sourcegraph.com/github.com/vectordotdev/vector,lib/vector-vrl/tests/resources/public_suffix_list.dat,https://sourcegraph.com/github.com/vectordotdev/vector/-/blob/lib/vector-vrl/tests/resources/public_suffix_list.dat,"[lib/vector-vrl/tests/resources/public_suffix_list.dat, [[31, 53]]]",
path,github.com/microsoft/azurelinux,https://sourcegraph.com/github.com/microsoft/azurelinux,SPECS-EXTENDED/publicsuffix-list/public_suffix_list.dat,https://sourcegraph.com/github.com/microsoft/azurelinux/-/blob/SPECS-EXTENDED/publicsuffix-list/public_suffix_list.dat,"[SPECS-EXTENDED/publicsuffix-list/public_suffix_list.dat, [[33, 55]]]",
path,github.com/M66B/FairEmail,https://sourcegraph.com/github.com/M66B/FairEmail,app/src/main/assets/public_suffix_list.dat,https://sourcegraph.com/github.com/M66B/FairEmail/-/blob/app/src/main/assets/public_suffix_list.dat,"[app/src/main/assets/public_suffix_list.dat, [[20, 42]]]",
path,github.com/StractOrg/stract,https://sourcegraph.com/github.com/StractOrg/stract,crates/core/public_suffix_list.dat,https://sourcegraph.com/github.com/StractOrg/stract/-/blob/crates/core/public_suffix_list.dat,"[crates/core/public_suffix_list.dat, [[12, 34]]]",
path,github.com/dfinity/ic,https://sourcegraph.com/github.com/dfinity/ic,rs/boundary_node/certificate_issuance/certificate_orchestrator/public_suffix_list.dat,https://sourcegraph.com/github.com/dfinity/ic/-/blob/rs/boundary_node/certificate_issuance/certificate_orchestrator/public_suffix_list.dat,"[rs/boundary_node/certificate_issuance/certificate_orchestrator/public_suffix_list.dat, [[63, 85]]]",
path,github.com/publicsuffix/list,https://sourcegraph.com/github.com/publicsuffix/list,public_suffix_list.dat,https://sourcegraph.com/github.com/publicsuffix/list/-/blob/public_suffix_list.dat,"[public_suffix_list.dat, [[0, 22]]]",
path,github.com/bitwarden/android,https://sourcegraph.com/github.com/bitwarden/android,scripts/public_suffix_list.dat,https://sourcegraph.com/github.com/bitwarden/android/-/blob/scripts/public_suffix_list.dat,"[scripts/public_suffix_list.dat, [[8, 30]]]",
path,github.com/bitwarden/server,https://sourcegraph.com/github.com/bitwarden/server,src/Icons/Resources/public_suffix_list.dat,https://sourcegraph.com/github.com/bitwarden/server/-/blob/src/Icons/Resources/public_suffix_list.dat,"[src/Icons/Resources/public_suffix_list.dat, [[20, 42]]]",
path,github.com/square/okhttp,https://sourcegraph.com/github.com/square/okhttp,okhttp/src/test/resources/okhttp3/internal/publicsuffix/public_suffix_list.dat,https://sourcegraph.com/github.com/square/okhttp/-/blob/okhttp/src/test/resources/okhttp3/internal/publicsuffix/public_suffix_list.dat,"[okhttp/src/test/resources/okhttp3/internal/publicsuffix/public_suffix_list.dat, [[56, 78]]]",
path,github.com/openjdk/jdk,https://sourcegraph.com/github.com/openjdk/jdk,src/java.base/share/data/publicsuffixlist/public_suffix_list.dat,https://sourcegraph.com/github.com/openjdk/jdk/-/blob/src/java.base/share/data/publicsuffixlist/public_suffix_list.dat,"[src/java.base/share/data/publicsuffixlist/public_suffix_list.dat, [[42, 64]]]",
path,github.com/QROkes/webinoly,https://sourcegraph.com/github.com/QROkes/webinoly,lib/public_suffix_list.dat,https://sourcegraph.com/github.com/QROkes/webinoly/-/blob/lib/public_suffix_list.dat,"[lib/public_suffix_list.dat, [[4, 26]]]",
path,github.com/nv-morpheus/Morpheus,https://sourcegraph.com/github.com/nv-morpheus/Morpheus,models/data/public_suffix_list.dat,https://sourcegraph.com/github.com/nv-morpheus/Morpheus/-/blob/models/data/public_suffix_list.dat,"[models/data/public_suffix_list.dat, [[12, 34]]]",
path,github.com/poweradmin/poweradmin,https://sourcegraph.com/github.com/poweradmin/poweradmin,data/public_suffix_list.dat,https://sourcegraph.com/github.com/poweradmin/poweradmin/-/blob/data/public_suffix_list.dat,"[data/public_suffix_list.dat, [[5, 27]]]",
path,github.com/yodaos-project/yodaos,https://sourcegraph.com/github.com/yodaos-project/yodaos,openwrt/feeds/packages/net/ddns-scripts/files/public_suffix_list.dat,https://sourcegraph.com/github.com/yodaos-project/yodaos/-/blob/openwrt/feeds/packages/net/ddns-scripts/files/public_suffix_list.dat,"[openwrt/feeds/packages/net/ddns-scripts/files/public_suffix_list.dat, [[46, 68]]]",
path,github.com/elliotwutingfeng/go-fasttld,https://sourcegraph.com/github.com/elliotwutingfeng/go-fasttld,test/mini_public_suffix_list.dat,https://sourcegraph.com/github.com/elliotwutingfeng/go-fasttld/-/blob/test/mini_public_suffix_list.dat,"[test/mini_public_suffix_list.dat, [[10, 32]]]",
path,github.com/cisco/mercury,https://sourcegraph.com/github.com/cisco/mercury,resources/public_suffix_list.dat.gz,https://sourcegraph.com/github.com/cisco/mercury/-/blob/resources/public_suffix_list.dat.gz,"[resources/public_suffix_list.dat.gz, [[10, 32]]]",
path,github.com/mozilla/gecko-dev,https://sourcegraph.com/github.com/mozilla/gecko-dev,netwerk/dns/tests/unit/data/fake_public_suffix_list.dat,https://sourcegraph.com/github.com/mozilla/gecko-dev/-/blob/netwerk/dns/tests/unit/data/fake_public_suffix_list.dat,"[netwerk/dns/tests/unit/data/fake_public_suffix_list.dat, [[33, 55]]]",
path,github.com/BrowserWorks/Waterfox,https://sourcegraph.com/github.com/BrowserWorks/Waterfox,netwerk/dns/tests/unit/data/fake_public_suffix_list.dat,https://sourcegraph.com/github.com/BrowserWorks/Waterfox/-/blob/netwerk/dns/tests/unit/data/fake_public_suffix_list.dat,"[netwerk/dns/tests/unit/data/fake_public_suffix_list.dat, [[33, 55]]]",
path,github.com/Floorp-Projects/Floorp,https://sourcegraph.com/github.com/Floorp-Projects/Floorp,netwerk/dns/tests/unit/data/fake_public_suffix_list.dat,https://sourcegraph.com/github.com/Floorp-Projects/Floorp/-/blob/netwerk/dns/tests/unit/data/fake_public_suffix_list.dat,"[netwerk/dns/tests/unit/data/fake_public_suffix_list.dat, [[33, 55]]]",
path,github.com/goccy/go-zetasql,https://sourcegraph.com/github.com/goccy/go-zetasql,internal/ccall/zetasql/base/net/public_suffix_list_data.h,https://sourcegraph.com/github.com/goccy/go-zetasql/-/blob/internal/ccall/zetasql/base/net/public_suffix_list_data.h,"[internal/ccall/zetasql/base/net/public_suffix_list_data.h, [[32, 54]]]",
path,github.com/program-spiritual/KongFuOfArchitect,https://sourcegraph.com/github.com/program-spiritual/KongFuOfArchitect,part3/java/oop-module/jre/lib/security/public_suffix_list.dat,https://sourcegraph.com/github.com/program-spiritual/KongFuOfArchitect/-/blob/part3/java/oop-module/jre/lib/security/public_suffix_list.dat,"[part3/java/oop-module/jre/lib/security/public_suffix_list.dat, [[39, 61]]]",
path,github.com/SAP/SapMachine,https://sourcegraph.com/github.com/SAP/SapMachine,src/java.base/share/data/publicsuffixlist/public_suffix_list.dat,https://sourcegraph.com/github.com/SAP/SapMachine/-/blob/src/java.base/share/data/publicsuffixlist/public_suffix_list.dat,"[src/java.base/share/data/publicsuffixlist/public_suffix_list.dat, [[42, 64]]]",
path,github.com/timeplus-io/proton,https://sourcegraph.com/github.com/timeplus-io/proton,tests/config/top_level_domains/public_suffix_list.dat,https://sourcegraph.com/github.com/timeplus-io/proton/-/blob/tests/config/top_level_domains/public_suffix_list.dat,"[tests/config/top_level_domains/public_suffix_list.dat, [[31, 53]]]",
path,github.com/sleuthkit/autopsy,https://sourcegraph.com/github.com/sleuthkit/autopsy,Core/src/org/sleuthkit/autopsy/coreutils/public_suffix_list.dat,https://sourcegraph.com/github.com/sleuthkit/autopsy/-/blob/Core/src/org/sleuthkit/autopsy/coreutils/public_suffix_list.dat,"[Core/src/org/sleuthkit/autopsy/coreutils/public_suffix_list.dat, [[41, 63]]]",
path,github.com/JetBrains/JetBrainsRuntime,https://sourcegraph.com/github.com/JetBrains/JetBrainsRuntime,src/java.base/share/data/publicsuffixlist/public_suffix_list.dat,https://sourcegraph.com/github.com/JetBrains/JetBrainsRuntime/-/blob/src/java.base/share/data/publicsuffixlist/public_suffix_list.dat,"[src/java.base/share/data/publicsuffixlist/public_suffix_list.dat, [[42, 64]]]",
path,github.com/openjdk/loom,https://sourcegraph.com/github.com/openjdk/loom,src/java.base/share/data/publicsuffixlist/public_suffix_list.dat,https://sourcegraph.com/github.com/openjdk/loom/-/blob/src/java.base/share/data/publicsuffixlist/public_suffix_list.dat,"[src/java.base/share/data/publicsuffixlist/public_suffix_list.dat, [[42, 64]]]",
path,github.com/nextcloud/mail,https://sourcegraph.com/github.com/nextcloud/mail,resources/public_suffix_list.dat,https://sourcegraph.com/github.com/nextcloud/mail/-/blob/resources/public_suffix_list.dat,"[resources/public_suffix_list.dat, [[10, 32]]]",
path,github.com/nextcloud/mail,https://sourcegraph.com/github.com/nextcloud/mail,resources/public_suffix_list.dat.license,https://sourcegraph.com/github.com/nextcloud/mail/-/blob/resources/public_suffix_list.dat.license,"[resources/public_suffix_list.dat.license, [[10, 32]]]",
path,github.com/panacloud-modern-global-apps/full-stack-serverless-cdk,https://sourcegraph.com/github.com/panacloud-modern-global-apps/full-stack-serverless-cdk,step15_eventbridge/Python/eventbridge_with_lambda/node_modules/@aws-cdk/aws-certificatemanager/suffixes/public_suffix_list.dat,https://sourcegraph.com/github.com/panacloud-modern-global-apps/full-stack-serverless-cdk/-/blob/step15_eventbridge/Python/eventbridge_with_lambda/node_modules/%40aws-cdk/aws-certificatemanager/suffixes/public_suffix_list.dat,"[step15_eventbridge/Python/eventbridge_with_lambda/node_modules/@aws-cdk/aws-certificatemanager/suffixes/public_suffix_list.dat, [[104, 126]]]",
path,github.com/PhantomBot/PhantomBot,https://sourcegraph.com/github.com/PhantomBot/PhantomBot,resources/java-runtime/lib/security/public_suffix_list.dat,https://sourcegraph.com/github.com/PhantomBot/PhantomBot/-/blob/resources/java-runtime/lib/security/public_suffix_list.dat,"[resources/java-runtime/lib/security/public_suffix_list.dat, [[36, 58]]]",
path,github.com/PhantomBot/PhantomBot,https://sourcegraph.com/github.com/PhantomBot/PhantomBot,resources/java-runtime-arm32/lib/security/public_suffix_list.dat,https://sourcegraph.com/github.com/PhantomBot/PhantomBot/-/blob/resources/java-runtime-arm32/lib/security/public_suffix_list.dat,"[resources/java-runtime-arm32/lib/security/public_suffix_list.dat, [[42, 64]]]",
path,github.com/PhantomBot/PhantomBot,https://sourcegraph.com/github.com/PhantomBot/PhantomBot,resources/java-runtime-arm64/lib/security/public_suffix_list.dat,https://sourcegraph.com/github.com/PhantomBot/PhantomBot/-/blob/resources/java-runtime-arm64/lib/security/public_suffix_list.dat,"[resources/java-runtime-arm64/lib/security/public_suffix_list.dat, [[42, 64]]]",
path,github.com/PhantomBot/PhantomBot,https://sourcegraph.com/github.com/PhantomBot/PhantomBot,resources/java-runtime-linux/lib/security/public_suffix_list.dat,https://sourcegraph.com/github.com/PhantomBot/PhantomBot/-/blob/resources/java-runtime-linux/lib/security/public_suffix_list.dat,"[resources/java-runtime-linux/lib/security/public_suffix_list.dat, [[42, 64]]]",
path,github.com/PhantomBot/PhantomBot,https://sourcegraph.com/github.com/PhantomBot/PhantomBot,resources/java-runtime-macos/lib/security/public_suffix_list.dat,https://sourcegraph.com/github.com/PhantomBot/PhantomBot/-/blob/resources/java-runtime-macos/lib/security/public_suffix_list.dat,"[resources/java-runtime-macos/lib/security/public_suffix_list.dat, [[42, 64]]]",
path,github.com/certtools/intelmq,https://sourcegraph.com/github.com/certtools/intelmq,intelmq/tests/bots/experts/domain_suffix/public_suffix_list.dat,https://sourcegraph.com/github.com/certtools/intelmq/-/blob/intelmq/tests/bots/experts/domain_suffix/public_suffix_list.dat,"[intelmq/tests/bots/experts/domain_suffix/public_suffix_list.dat, [[41, 63]]]",
path,github.com/certtools/intelmq,https://sourcegraph.com/github.com/certtools/intelmq,intelmq/tests/bots/experts/domain_suffix/public_suffix_list.dat.license,https://sourcegraph.com/github.com/certtools/intelmq/-/blob/intelmq/tests/bots/experts/domain_suffix/public_suffix_list.dat.license,"[intelmq/tests/bots/experts/domain_suffix/public_suffix_list.dat.license, [[41, 63]]]",
path,github.com/virtualmin/virtualmin-gpl,https://sourcegraph.com/github.com/virtualmin/virtualmin-gpl,public_suffix_list.dat,https://sourcegraph.com/github.com/virtualmin/virtualmin-gpl/-/blob/public_suffix_list.dat,"[public_suffix_list.dat, [[0, 22]]]",
path,github.com/OpenIndiana/oi-userland,https://sourcegraph.com/github.com/OpenIndiana/oi-userland,components/perl/Mozilla-PublicSuffix/files/public_suffix_list.dat,https://sourcegraph.com/github.com/OpenIndiana/oi-userland/-/blob/components/perl/Mozilla-PublicSuffix/files/public_suffix_list.dat,"[components/perl/Mozilla-PublicSuffix/files/public_suffix_list.dat, [[43, 65]]]",
path,github.com/rockdaboot/wget2,https://sourcegraph.com/github.com/rockdaboot/wget2,unit-tests/files/public_suffix_list.dat,https://sourcegraph.com/github.com/rockdaboot/wget2/-/blob/unit-tests/files/public_suffix_list.dat,"[unit-tests/files/public_suffix_list.dat, [[17, 39]]]",
path,github.com/Jackarain/proxy,https://sourcegraph.com/github.com/Jackarain/proxy,third_party/boost/libs/url/example/suffix_list/public_suffix_list.dat,https://sourcegraph.com/github.com/Jackarain/proxy/-/blob/third_party/boost/libs/url/example/suffix_list/public_suffix_list.dat,"[third_party/boost/libs/url/example/suffix_list/public_suffix_list.dat, [[47, 69]]]",
path,github.com/Tencent/TencentKona-17,https://sourcegraph.com/github.com/Tencent/TencentKona-17,make/data/publicsuffixlist/public_suffix_list.dat,https://sourcegraph.com/github.com/Tencent/TencentKona-17/-/blob/make/data/publicsuffixlist/public_suffix_list.dat,"[make/data/publicsuffixlist/public_suffix_list.dat, [[27, 49]]]",
path,github.com/sajjadium/ctf-archives,https://sourcegraph.com/github.com/sajjadium/ctf-archives,ctfs/perfectblue/pbctf/2020/BabyJHeap/jheap/deploy/lib/security/public_suffix_list.dat,https://sourcegraph.com/github.com/sajjadium/ctf-archives/-/blob/ctfs/perfectblue/pbctf/2020/BabyJHeap/jheap/deploy/lib/security/public_suffix_list.dat,"[ctfs/perfectblue/pbctf/2020/BabyJHeap/jheap/deploy/lib/security/public_suffix_list.dat, [[64, 86]]]",
path,github.com/openjdk/jdk11u,https://sourcegraph.com/github.com/openjdk/jdk11u,make/data/publicsuffixlist/public_suffix_list.dat,https://sourcegraph.com/github.com/openjdk/jdk11u/-/blob/make/data/publicsuffixlist/public_suffix_list.dat,"[make/data/publicsuffixlist/public_suffix_list.dat, [[27, 49]]]",
path,github.com/nabeelio/phpvms,https://sourcegraph.com/github.com/nabeelio/phpvms,resources/tld/public_suffix_list.dat,https://sourcegraph.com/github.com/nabeelio/phpvms/-/blob/resources/tld/public_suffix_list.dat,"[resources/tld/public_suffix_list.dat, [[14, 36]]]",
path,github.com/Souma-Sumire/FFXIVChnTextPatch-Souma,https://sourcegraph.com/github.com/Souma-Sumire/FFXIVChnTextPatch-Souma,jre/lib/security/public_suffix_list.dat,https://sourcegraph.com/github.com/Souma-Sumire/FFXIVChnTextPatch-Souma/-/blob/jre/lib/security/public_suffix_list.dat,"[jre/lib/security/public_suffix_list.dat, [[17, 39]]]",
path,github.com/SpaceExplorationTechnologies/starlink-wifi-gen2,https://sourcegraph.com/github.com/SpaceExplorationTechnologies/starlink-wifi-gen2,openwrt/package/feed/packages/net/ddns-scripts/files/public_suffix_list.dat,https://sourcegraph.com/github.com/SpaceExplorationTechnologies/starlink-wifi-gen2/-/blob/openwrt/package/feed/packages/net/ddns-scripts/files/public_suffix_list.dat,"[openwrt/package/feed/packages/net/ddns-scripts/files/public_suffix_list.dat, [[53, 75]]]",
path,github.com/openjdk/zgc,https://sourcegraph.com/github.com/openjdk/zgc,src/java.base/share/data/publicsuffixlist/public_suffix_list.dat,https://sourcegraph.com/github.com/openjdk/zgc/-/blob/src/java.base/share/data/publicsuffixlist/public_suffix_list.dat,"[src/java.base/share/data/publicsuffixlist/public_suffix_list.dat, [[42, 64]]]",
path,github.com/dsa28s/android-studio-apple-m1,https://sourcegraph.com/github.com/dsa28s/android-studio-apple-m1,make/data/publicsuffixlist/public_suffix_list.dat,https://sourcegraph.com/github.com/dsa28s/android-studio-apple-m1/-/blob/make/data/publicsuffixlist/public_suffix_list.dat,"[make/data/publicsuffixlist/public_suffix_list.dat, [[27, 49]]]",
path,github.com/openjdk/valhalla,https://sourcegraph.com/github.com/openjdk/valhalla,src/java.base/share/data/publicsuffixlist/public_suffix_list.dat,https://sourcegraph.com/github.com/openjdk/valhalla/-/blob/src/java.base/share/data/publicsuffixlist/public_suffix_list.dat,"[src/java.base/share/data/publicsuffixlist/public_suffix_list.dat, [[42, 64]]]",
path,github.com/adoptium/jdk,https://sourcegraph.com/github.com/adoptium/jdk,src/java.base/share/data/publicsuffixlist/public_suffix_list.dat,https://sourcegraph.com/github.com/adoptium/jdk/-/blob/src/java.base/share/data/publicsuffixlist/public_suffix_list.dat,"[src/java.base/share/data/publicsuffixlist/public_suffix_list.dat, [[42, 64]]]",
path,github.com/RetGal/Dayon,https://sourcegraph.com/github.com/RetGal/Dayon,resources/jrex/lib/security/public_suffix_list.dat,https://sourcegraph.com/github.com/RetGal/Dayon/-/blob/resources/jrex/lib/security/public_suffix_list.dat,"[resources/jrex/lib/security/public_suffix_list.dat, [[28, 50]]]",
path,github.com/bitwarden/ios,https://sourcegraph.com/github.com/bitwarden/ios,BitwardenShared/Core/Platform/Utilities/Resources/public_suffix_list.dat,https://sourcegraph.com/github.com/bitwarden/ios/-/blob/BitwardenShared/Core/Platform/Utilities/Resources/public_suffix_list.dat,"[BitwardenShared/Core/Platform/Utilities/Resources/public_suffix_list.dat, [[50, 72]]]",
path,github.com/tcltk/tcl,https://sourcegraph.com/github.com/tcltk/tcl,library/cookiejar/public_suffix_list.dat.gz,https://sourcegraph.com/github.com/tcltk/tcl/-/blob/library/cookiejar/public_suffix_list.dat.gz,"[library/cookiejar/public_suffix_list.dat.gz, [[18, 40]]]",
path,github.com/Nesvilab/FragPipe,https://sourcegraph.com/github.com/Nesvilab/FragPipe,jre/OpenJDK17U-jre_x64_windows_hotspot_17.0.10_7/jre/lib/security/public_suffix_list.dat,https://sourcegraph.com/github.com/Nesvilab/FragPipe/-/blob/jre/OpenJDK17U-jre_x64_windows_hotspot_17.0.10_7/jre/lib/security/public_suffix_list.dat,"[jre/OpenJDK17U-jre_x64_windows_hotspot_17.0.10_7/jre/lib/security/public_suffix_list.dat, [[66, 88]]]",
path,github.com/corretto/corretto-11,https://sourcegraph.com/github.com/corretto/corretto-11,make/data/publicsuffixlist/public_suffix_list.dat,https://sourcegraph.com/github.com/corretto/corretto-11/-/blob/make/data/publicsuffixlist/public_suffix_list.dat,"[make/data/publicsuffixlist/public_suffix_list.dat, [[27, 49]]]",
path,github.com/dragonwell-project/dragonwell11,https://sourcegraph.com/github.com/dragonwell-project/dragonwell11,make/data/publicsuffixlist/public_suffix_list.dat,https://sourcegraph.com/github.com/dragonwell-project/dragonwell11/-/blob/make/data/publicsuffixlist/public_suffix_list.dat,"[make/data/publicsuffixlist/public_suffix_list.dat, [[27, 49]]]",
path,github.com/kagisearch/smallweb,https://sourcegraph.com/github.com/kagisearch/smallweb,app/public_suffix_list.dat,https://sourcegraph.com/github.com/kagisearch/smallweb/-/blob/app/public_suffix_list.dat,"[app/public_suffix_list.dat, [[4, 26]]]",
path,github.com/Keeper-Security/Commander,https://sourcegraph.com/github.com/Keeper-Security/Commander,public_suffix_list.dat,https://sourcegraph.com/github.com/Keeper-Security/Commander/-/blob/public_suffix_list.dat,"[public_suffix_list.dat, [[0, 22]]]",
path,github.com/firewalla/firewalla,https://sourcegraph.com/github.com/firewalla/firewalla,vendor_lib/publicsuffixlist/public_suffix_list.dat,https://sourcegraph.com/github.com/firewalla/firewalla/-/blob/vendor_lib/publicsuffixlist/public_suffix_list.dat,"[vendor_lib/publicsuffixlist/public_suffix_list.dat, [[28, 50]]]",
path,github.com/openjdk/wakefield,https://sourcegraph.com/github.com/openjdk/wakefield,src/java.base/share/data/publicsuffixlist/public_suffix_list.dat,https://sourcegraph.com/github.com/openjdk/wakefield/-/blob/src/java.base/share/data/publicsuffixlist/public_suffix_list.dat,"[src/java.base/share/data/publicsuffixlist/public_suffix_list.dat, [[42, 64]]]",
path,github.com/alkacon/opencms-core,https://sourcegraph.com/github.com/alkacon/opencms-core,src/org/opencms/letsencrypt/public_suffix_list.dat,https://sourcegraph.com/github.com/alkacon/opencms-core/-/blob/src/org/opencms/letsencrypt/public_suffix_list.dat,"[src/org/opencms/letsencrypt/public_suffix_list.dat, [[28, 50]]]",
path,github.com/knu/ruby-domain_name,https://sourcegraph.com/github.com/knu/ruby-domain_name,data/public_suffix_list.dat,https://sourcegraph.com/github.com/knu/ruby-domain_name/-/blob/data/public_suffix_list.dat,"[data/public_suffix_list.dat, [[5, 27]]]",
path,github.com/dragonwell-project/dragonwell17,https://sourcegraph.com/github.com/dragonwell-project/dragonwell17,make/data/publicsuffixlist/public_suffix_list.dat,https://sourcegraph.com/github.com/dragonwell-project/dragonwell17/-/blob/make/data/publicsuffixlist/public_suffix_list.dat,"[make/data/publicsuffixlist/public_suffix_list.dat, [[27, 49]]]",
path,github.com/corretto/corretto-21,https://sourcegraph.com/github.com/corretto/corretto-21,src/java.base/share/data/publicsuffixlist/public_suffix_list.dat,https://sourcegraph.com/github.com/corretto/corretto-21/-/blob/src/java.base/share/data/publicsuffixlist/public_suffix_list.dat,"[src/java.base/share/data/publicsuffixlist/public_suffix_list.dat, [[42, 64]]]",
path,github.com/Tencent/TencentKona-11,https://sourcegraph.com/github.com/Tencent/TencentKona-11,make/data/publicsuffixlist/public_suffix_list.dat,https://sourcegraph.com/github.com/Tencent/TencentKona-11/-/blob/make/data/publicsuffixlist/public_suffix_list.dat,"[make/data/publicsuffixlist/public_suffix_list.dat, [[27, 49]]]",
path,github.com/openjdk/amber,https://sourcegraph.com/github.com/openjdk/amber,src/java.base/share/data/publicsuffixlist/public_suffix_list.dat,https://sourcegraph.com/github.com/openjdk/amber/-/blob/src/java.base/share/data/publicsuffixlist/public_suffix_list.dat,"[src/java.base/share/data/publicsuffixlist/public_suffix_list.dat, [[42, 64]]]",
path,github.com/openjdk/aarch64-port,https://sourcegraph.com/github.com/openjdk/aarch64-port,src/java.base/share/data/publicsuffixlist/public_suffix_list.dat,https://sourcegraph.com/github.com/openjdk/aarch64-port/-/blob/src/java.base/share/data/publicsuffixlist/public_suffix_list.dat,"[src/java.base/share/data/publicsuffixlist/public_suffix_list.dat, [[42, 64]]]",
path,github.com/bitwarden/mobile,https://sourcegraph.com/github.com/bitwarden/mobile,src/Core/Resources/public_suffix_list.dat,https://sourcegraph.com/github.com/bitwarden/mobile/-/blob/src/Core/Resources/public_suffix_list.dat,"[src/Core/Resources/public_suffix_list.dat, [[19, 41]]]",
path,github.com/corretto/corretto-jdk,https://sourcegraph.com/github.com/corretto/corretto-jdk,src/java.base/share/data/publicsuffixlist/public_suffix_list.dat,https://sourcegraph.com/github.com/corretto/corretto-jdk/-/blob/src/java.base/share/data/publicsuffixlist/public_suffix_list.dat,"[src/java.base/share/data/publicsuffixlist/public_suffix_list.dat, [[42, 64]]]",
path,github.com/fgont/ipv6toolkit,https://sourcegraph.com/github.com/fgont/ipv6toolkit,data/public_suffix_list.dat,https://sourcegraph.com/github.com/fgont/ipv6toolkit/-/blob/data/public_suffix_list.dat,"[data/public_suffix_list.dat, [[5, 27]]]",
path,github.com/openjdk/panama-foreign,https://sourcegraph.com/github.com/openjdk/panama-foreign,src/java.base/share/data/publicsuffixlist/public_suffix_list.dat,https://sourcegraph.com/github.com/openjdk/panama-foreign/-/blob/src/java.base/share/data/publicsuffixlist/public_suffix_list.dat,"[src/java.base/share/data/publicsuffixlist/public_suffix_list.dat, [[42, 64]]]",
path,github.com/corretto/corretto-17,https://sourcegraph.com/github.com/corretto/corretto-17,make/data/publicsuffixlist/public_suffix_list.dat,https://sourcegraph.com/github.com/corretto/corretto-17/-/blob/make/data/publicsuffixlist/public_suffix_list.dat,"[make/data/publicsuffixlist/public_suffix_list.dat, [[27, 49]]]",
path,github.com/hoprnet/hoprnet,https://sourcegraph.com/github.com/hoprnet/hoprnet,vendor/cargo/isahc-0.9.14/src/cookies/psl/list/public_suffix_list.dat,https://sourcegraph.com/github.com/hoprnet/hoprnet/-/blob/vendor/cargo/isahc-0.9.14/src/cookies/psl/list/public_suffix_list.dat,"[vendor/cargo/isahc-0.9.14/src/cookies/psl/list/public_suffix_list.dat, [[47, 69]]]",
path,github.com/openjdk/shenandoah,https://sourcegraph.com/github.com/openjdk/shenandoah,src/java.base/share/data/publicsuffixlist/public_suffix_list.dat,https://sourcegraph.com/github.com/openjdk/shenandoah/-/blob/src/java.base/share/data/publicsuffixlist/public_suffix_list.dat,"[src/java.base/share/data/publicsuffixlist/public_suffix_list.dat, [[42, 64]]]",
path,github.com/apple/openjdk,https://sourcegraph.com/github.com/apple/openjdk,make/data/publicsuffixlist/public_suffix_list.dat,https://sourcegraph.com/github.com/apple/openjdk/-/blob/make/data/publicsuffixlist/public_suffix_list.dat,"[make/data/publicsuffixlist/public_suffix_list.dat, [[27, 49]]]",
path,github.com/internetstandards/Internet.nl,https://sourcegraph.com/github.com/internetstandards/Internet.nl,docker/integration-tests/www/static/list/public_suffix_list.dat,https://sourcegraph.com/github.com/internetstandards/Internet.nl/-/blob/docker/integration-tests/www/static/list/public_suffix_list.dat,"[docker/integration-tests/www/static/list/public_suffix_list.dat, [[41, 63]]]",
path,github.com/openjdk/crac,https://sourcegraph.com/github.com/openjdk/crac,src/java.base/share/data/publicsuffixlist/public_suffix_list.dat,https://sourcegraph.com/github.com/openjdk/crac/-/blob/src/java.base/share/data/publicsuffixlist/public_suffix_list.dat,"[src/java.base/share/data/publicsuffixlist/public_suffix_list.dat, [[42, 64]]]",
path,github.com/nager/Nager.PublicSuffix,https://sourcegraph.com/github.com/nager/Nager.PublicSuffix,src/Nager.PublicSuffix.UnitTest/public_suffix_list.dat,https://sourcegraph.com/github.com/nager/Nager.PublicSuffix/-/blob/src/Nager.PublicSuffix.UnitTest/public_suffix_list.dat,"[src/Nager.PublicSuffix.UnitTest/public_suffix_list.dat, [[32, 54]]]",
path,github.com/chenghanpeng/jdk11u,https://sourcegraph.com/github.com/chenghanpeng/jdk11u,make/data/publicsuffixlist/public_suffix_list.dat,https://sourcegraph.com/github.com/chenghanpeng/jdk11u/-/blob/make/data/publicsuffixlist/public_suffix_list.dat,"[make/data/publicsuffixlist/public_suffix_list.dat, [[27, 49]]]",
path,github.com/openjdk/mobile,https://sourcegraph.com/github.com/openjdk/mobile,src/java.base/share/data/publicsuffixlist/public_suffix_list.dat,https://sourcegraph.com/github.com/openjdk/mobile/-/blob/src/java.base/share/data/publicsuffixlist/public_suffix_list.dat,"[src/java.base/share/data/publicsuffixlist/public_suffix_list.dat, [[42, 64]]]",
path,github.com/openjdk/leyden,https://sourcegraph.com/github.com/openjdk/leyden,src/java.base/share/data/publicsuffixlist/public_suffix_list.dat,https://sourcegraph.com/github.com/openjdk/leyden/-/blob/src/java.base/share/data/publicsuffixlist/public_suffix_list.dat,"[src/java.base/share/data/publicsuffixlist/public_suffix_list.dat, [[42, 64]]]",
path,github.com/GroundCTL2MajorTom/fsmscan,https://sourcegraph.com/github.com/GroundCTL2MajorTom/fsmscan,oneforall/data/public_suffix_list.dat,https://sourcegraph.com/github.com/GroundCTL2MajorTom/fsmscan/-/blob/oneforall/data/public_suffix_list.dat,"[oneforall/data/public_suffix_list.dat, [[15, 37]]]",
path,github.com/redirect2me/resolvers,https://sourcegraph.com/github.com/redirect2me/resolvers,data/publicsuffix/public_suffix_list.dat,https://sourcegraph.com/github.com/redirect2me/resolvers/-/blob/data/publicsuffix/public_suffix_list.dat,"[data/publicsuffix/public_suffix_list.dat, [[18, 40]]]",
path,github.com/codehag/compiler-compiler-dev,https://sourcegraph.com/github.com/codehag/compiler-compiler-dev,netwerk/dns/tests/unit/data/fake_public_suffix_list.dat,https://sourcegraph.com/github.com/codehag/compiler-compiler-dev/-/blob/netwerk/dns/tests/unit/data/fake_public_suffix_list.dat,"[netwerk/dns/tests/unit/data/fake_public_suffix_list.dat, [[33, 55]]]",
path,github.com/OpenJML/OpenJML,https://sourcegraph.com/github.com/OpenJML/OpenJML,OpenJML21/src/java.base/share/data/publicsuffixlist/public_suffix_list.dat,https://sourcegraph.com/github.com/OpenJML/OpenJML/-/blob/OpenJML21/src/java.base/share/data/publicsuffixlist/public_suffix_list.dat,"[OpenJML21/src/java.base/share/data/publicsuffixlist/public_suffix_list.dat, [[52, 74]]]",
path,github.com/YunaiV/openjdk,https://sourcegraph.com/github.com/YunaiV/openjdk,make/data/publicsuffixlist/public_suffix_list.dat,https://sourcegraph.com/github.com/YunaiV/openjdk/-/blob/make/data/publicsuffixlist/public_suffix_list.dat,"[make/data/publicsuffixlist/public_suffix_list.dat, [[27, 49]]]",
path,git.savannah.gnu.org/git/wget/wget2,https://sourcegraph.com/git.savannah.gnu.org/git/wget/wget2,unit-tests/files/public_suffix_list.dat,https://sourcegraph.com/git.savannah.gnu.org/git/wget/wget2/-/blob/unit-tests/files/public_suffix_list.dat,"[unit-tests/files/public_suffix_list.dat, [[17, 39]]]",
path,github.com/vectordotdev/vrl,https://sourcegraph.com/github.com/vectordotdev/vrl,lib/tests/tests/functions/custom_public_suffix_list.dat,https://sourcegraph.com/github.com/vectordotdev/vrl/-/blob/lib/tests/tests/functions/custom_public_suffix_list.dat,"[lib/tests/tests/functions/custom_public_suffix_list.dat, [[33, 55]]]",
path,github.com/SpaceExplorationTechnologies/starlink-wifi,https://sourcegraph.com/github.com/SpaceExplorationTechnologies/starlink-wifi,qca/feeds/packages/net/ddns-scripts/files/public_suffix_list.dat,https://sourcegraph.com/github.com/SpaceExplorationTechnologies/starlink-wifi/-/blob/qca/feeds/packages/net/ddns-scripts/files/public_suffix_list.dat,"[qca/feeds/packages/net/ddns-scripts/files/public_suffix_list.dat, [[42, 64]]]",
path,github.com/AdoptOpenJDK/openjdk-jdk,https://sourcegraph.com/github.com/AdoptOpenJDK/openjdk-jdk,make/data/publicsuffixlist/public_suffix_list.dat,https://sourcegraph.com/github.com/AdoptOpenJDK/openjdk-jdk/-/blob/make/data/publicsuffixlist/public_suffix_list.dat,"[make/data/publicsuffixlist/public_suffix_list.dat, [[27, 49]]]",
path,github.com/openjdk/jdk11u-dev,https://sourcegraph.com/github.com/openjdk/jdk11u-dev,make/data/publicsuffixlist/public_suffix_list.dat,https://sourcegraph.com/github.com/openjdk/jdk11u-dev/-/blob/make/data/publicsuffixlist/public_suffix_list.dat,"[make/data/publicsuffixlist/public_suffix_list.dat, [[27, 49]]]",
path,github.com/goastian/midori-desktop,https://sourcegraph.com/github.com/goastian/midori-desktop,netwerk/dns/tests/unit/data/fake_public_suffix_list.dat,https://sourcegraph.com/github.com/goastian/midori-desktop/-/blob/netwerk/dns/tests/unit/data/fake_public_suffix_list.dat,"[netwerk/dns/tests/unit/data/fake_public_suffix_list.dat, [[33, 55]]]",
path,github.com/openjdk/jdk17u,https://sourcegraph.com/github.com/openjdk/jdk17u,make/data/publicsuffixlist/public_suffix_list.dat,https://sourcegraph.com/github.com/openjdk/jdk17u/-/blob/make/data/publicsuffixlist/public_suffix_list.dat,"[make/data/publicsuffixlist/public_suffix_list.dat, [[27, 49]]]",
path,github.com/alterakey/trueseeing,https://sourcegraph.com/github.com/alterakey/trueseeing,trueseeing/libs/public_suffix_list.dat,https://sourcegraph.com/github.com/alterakey/trueseeing/-/blob/trueseeing/libs/public_suffix_list.dat,"[trueseeing/libs/public_suffix_list.dat, [[16, 38]]]",
path,github.com/openjdk/panama-vector,https://sourcegraph.com/github.com/openjdk/panama-vector,src/java.base/share/data/publicsuffixlist/public_suffix_list.dat,https://sourcegraph.com/github.com/openjdk/panama-vector/-/blob/src/java.base/share/data/publicsuffixlist/public_suffix_list.dat,"[src/java.base/share/data/publicsuffixlist/public_suffix_list.dat, [[42, 64]]]",
path,github.com/XOOPS/XoopsCore25,https://sourcegraph.com/github.com/XOOPS/XoopsCore25,htdocs/class/libraries/vendor/xoops/regdom/data/public_suffix_list.dat,https://sourcegraph.com/github.com/XOOPS/XoopsCore25/-/blob/htdocs/class/libraries/vendor/xoops/regdom/data/public_suffix_list.dat,"[htdocs/class/libraries/vendor/xoops/regdom/data/public_suffix_list.dat, [[48, 70]]]",
path,github.com/uclasystem/Semeru,https://sourcegraph.com/github.com/uclasystem/Semeru,CPU-Server/make/data/publicsuffixlist/public_suffix_list.dat,https://sourcegraph.com/github.com/uclasystem/Semeru/-/blob/CPU-Server/make/data/publicsuffixlist/public_suffix_list.dat,"[CPU-Server/make/data/publicsuffixlist/public_suffix_list.dat, [[38, 60]]]",
path,github.com/Labs22/BlackServerOS,https://sourcegraph.com/github.com/Labs22/BlackServerOS,OthersTools/katana_1.0.0.1(BUILD 0069)/KatanaFramework-master/lib/whois/data/public_suffix_list.dat,https://sourcegraph.com/github.com/Labs22/BlackServerOS/-/blob/OthersTools/katana_1.0.0.1(BUILD%200069)/KatanaFramework-master/lib/whois/data/public_suffix_list.dat,"[OthersTools/katana_1.0.0.1(BUILD 0069)/KatanaFramework-master/lib/whois/data/public_suffix_list.dat, [[77, 99]]]",
path,github.com/uclasystem/Semeru,https://sourcegraph.com/github.com/uclasystem/Semeru,Memory-Server/make/data/publicsuffixlist/public_suffix_list.dat,https://sourcegraph.com/github.com/uclasystem/Semeru/-/blob/Memory-Server/make/data/publicsuffixlist/public_suffix_list.dat,"[Memory-Server/make/data/publicsuffixlist/public_suffix_list.dat, [[41, 63]]]",
path,github.com/openjdk/jdk21u,https://sourcegraph.com/github.com/openjdk/jdk21u,src/java.base/share/data/publicsuffixlist/public_suffix_list.dat,https://sourcegraph.com/github.com/openjdk/jdk21u/-/blob/src/java.base/share/data/publicsuffixlist/public_suffix_list.dat,"[src/java.base/share/data/publicsuffixlist/public_suffix_list.dat, [[42, 64]]]",
path,github.com/openjdk/jdk-sandbox,https://sourcegraph.com/github.com/openjdk/jdk-sandbox,src/java.base/share/data/publicsuffixlist/public_suffix_list.dat,https://sourcegraph.com/github.com/openjdk/jdk-sandbox/-/blob/src/java.base/share/data/publicsuffixlist/public_suffix_list.dat,"[src/java.base/share/data/publicsuffixlist/public_suffix_list.dat, [[42, 64]]]",
path,github.com/datackmy/FallingSkies-CVE-2023-35885,https://sourcegraph.com/github.com/datackmy/FallingSkies-CVE-2023-35885,vendor/jeremykendall/php-domain-parser/test_data/public_suffix_list.dat,https://sourcegraph.com/github.com/datackmy/FallingSkies-CVE-2023-35885/-/blob/vendor/jeremykendall/php-domain-parser/test_data/public_suffix_list.dat,"[vendor/jeremykendall/php-domain-parser/test_data/public_suffix_list.dat, [[49, 71]]]",
path,github.com/alexiscreuzot/Flamingo,https://sourcegraph.com/github.com/alexiscreuzot/Flamingo,vendor/bundle/ruby/2.6.0/gems/domain_name-0.5.20190701/data/public_suffix_list.dat,https://sourcegraph.com/github.com/alexiscreuzot/Flamingo/-/blob/vendor/bundle/ruby/2.6.0/gems/domain_name-0.5.20190701/data/public_suffix_list.dat,"[vendor/bundle/ruby/2.6.0/gems/domain_name-0.5.20190701/data/public_suffix_list.dat, [[60, 82]]]",
path,github.com/HiGarfield/lede-17.01.4-Mod,https://sourcegraph.com/github.com/HiGarfield/lede-17.01.4-Mod,feeds/packages/net/ddns-scripts/files/public_suffix_list.dat,https://sourcegraph.com/github.com/HiGarfield/lede-17.01.4-Mod/-/blob/feeds/packages/net/ddns-scripts/files/public_suffix_list.dat,"[feeds/packages/net/ddns-scripts/files/public_suffix_list.dat, [[38, 60]]]",
path,github.com/sgtest/pinned-aws-cdk,https://sourcegraph.com/github.com/sgtest/pinned-aws-cdk,packages/aws-cdk-lib/aws-certificatemanager/suffixes/public_suffix_list.dat,https://sourcegraph.com/github.com/sgtest/pinned-aws-cdk/-/blob/packages/aws-cdk-lib/aws-certificatemanager/suffixes/public_suffix_list.dat,"[packages/aws-cdk-lib/aws-certificatemanager/suffixes/public_suffix_list.dat, [[53, 75]]]",
path,github.com/HotswapProjects/openjdk-jdk11u-dcevm,https://sourcegraph.com/github.com/HotswapProjects/openjdk-jdk11u-dcevm,make/data/publicsuffixlist/public_suffix_list.dat,https://sourcegraph.com/github.com/HotswapProjects/openjdk-jdk11u-dcevm/-/blob/make/data/publicsuffixlist/public_suffix_list.dat,"[make/data/publicsuffixlist/public_suffix_list.dat, [[27, 49]]]",
path,github.com/uclasystem/MemLiner,https://sourcegraph.com/github.com/uclasystem/MemLiner,JDK/make/data/publicsuffixlist/public_suffix_list.dat,https://sourcegraph.com/github.com/uclasystem/MemLiner/-/blob/JDK/make/data/publicsuffixlist/public_suffix_list.dat,"[JDK/make/data/publicsuffixlist/public_suffix_list.dat, [[31, 53]]]",